{"cameraMode":{"drawMode":0,"name":"Shaded","section":"Shading Mode"},"sceneLighting":true,"audioPlay":false,"sceneViewState":{"showFog":true,"showMaterialUpdate":false,"showSkybox":true,"showFlares":true,"showImageEffects":true,"showParticleSystems":true},"in2DMode":false,"pivot":{"x":-21.683609008789064,"y":-1.8279972076416016,"z":-10.54088020324707},"rotation":{"x":0.17101937532424928,"y":0.08412827551364899,"z":-0.014658105559647084,"w":0.9815622568130493},"size":20.765579223632814,"orthographic":false}